episode,retention,limit,reward,done
1,269968.58417987823,0.0,-1.0,True
2,386708.527803421,0.0,-1.0,True
3,386708.527803421,0.0,-1.0,True
4,269968.58417987823,0.0,-1.0,True
5,386708.527803421,0.0,-1.0,True
6,386708.527803421,0.0,-1.0,True
7,386708.527803421,0.0,-1.0,True
8,386708.527803421,0.0,-1.0,True
9,405262.3361349106,0.0,-1.0,True
10,386708.527803421,0.0,-1.0,True
